<?xml version="1.0" encoding="UTF-8"?>
<project-private xmlns="http://www.netbeans.org/ns/project-private/1">
    <editor-bookmarks xmlns="http://www.netbeans.org/ns/editor-bookmarks/2" lastBookmarkId="0"/>
    <open-files xmlns="http://www.netbeans.org/ns/projectui-open-files/2">
        <group name="soluciones">
            <file>file:/C:/Users/profesorado/OneDrive%20-%20iesaguadulce.es/I.E.S.%20Aguadulce%202021-2022/DWES/examen%20junio/Junio%202021-2022/alumn_ex_jun_2021-2022/ejercicios4y5/Vistas/sobre_nosotros.php</file>
            <file>file:/C:/Users/profesorado/OneDrive%20-%20iesaguadulce.es/I.E.S.%20Aguadulce%202021-2022/DWES/examen%20junio/Junio%202021-2022/alumn_ex_jun_2021-2022/ejercicios4y5/Modelo/Libro.php</file>
            <file>file:/C:/Users/profesorado/OneDrive%20-%20iesaguadulce.es/I.E.S.%20Aguadulce%202021-2022/DWES/examen%20junio/Junio%202021-2022/alumn_ex_jun_2021-2022/ejercicios4y5/Vistas/inicio.php</file>
            <file>file:/C:/Users/profesorado/OneDrive%20-%20iesaguadulce.es/I.E.S.%20Aguadulce%202021-2022/DWES/examen%20junio/Junio%202021-2022/alumn_ex_jun_2021-2022/ejercicios4y5/Controladores/Controlador.php</file>
            <file>file:/C:/Users/profesorado/OneDrive%20-%20iesaguadulce.es/I.E.S.%20Aguadulce%202021-2022/DWES/examen%20junio/Junio%202021-2022/alumn_ex_jun_2021-2022/pws/test1.php</file>
            <file>file:/C:/Users/profesorado/OneDrive%20-%20iesaguadulce.es/I.E.S.%20Aguadulce%202021-2022/DWES/examen%20junio/Junio%202021-2022/alumn_ex_jun_2021-2022/ejercicios4y5/Vistas/ver_libro.php</file>
            <file>file:/C:/Users/profesorado/OneDrive%20-%20iesaguadulce.es/I.E.S.%20Aguadulce%202021-2022/DWES/examen%20junio/Junio%202021-2022/alumn_ex_jun_2021-2022/ejercicios4y5/index.php</file>
            <file>file:/C:/Users/profesorado/OneDrive%20-%20iesaguadulce.es/I.E.S.%20Aguadulce%202021-2022/DWES/examen%20junio/Junio%202021-2022/alumn_ex_jun_2021-2022/ejercicios4y5/webservice.php</file>
        </group>
    </open-files>
</project-private>
